City_ID,City,Lat,Lng,Max Temp,Humidity,Cloudiness,Wind Speed,Country,Date
0,Urumqi,43.801,87.6005,53.6,16,0,6.71,CN,2021-04-26 04:46:07
1,Atuona,-9.8,-139.0333,79.95,76,77,19.13,PF,2021-04-26 04:46:00
2,Vaini,-21.2,-175.2,82.4,89,75,4.61,TO,2021-04-26 04:46:08
3,Champerico,14.3,-91.9167,66.99,95,90,3.89,GT,2021-04-26 04:46:08
4,Avarua,-21.2078,-159.775,78.8,78,20,5.75,CK,2021-04-26 04:46:01
5,Bluff,-46.6,168.3333,48.0,65,81,15.99,NZ,2021-04-26 04:45:49
6,Las Cruces,32.3123,-106.7783,70.0,8,1,8.05,US,2021-04-26 04:46:09
7,Yenagoa,4.9247,6.2642,78.15,88,97,3.24,NG,2021-04-26 04:46:09
8,Chokurdakh,70.6333,147.9167,30.92,98,100,10.0,RU,2021-04-26 04:46:10
9,Castro,-24.7911,-50.0119,55.62,96,81,2.3,BR,2021-04-26 04:45:55
10,Port Elizabeth,-33.918,25.5701,59.0,88,0,2.3,ZA,2021-04-26 04:46:10
11,New Norfolk,-42.7826,147.0587,63.0,74,100,5.99,AU,2021-04-26 04:46:11
12,Ushuaia,-54.8,-68.3,46.4,81,90,3.44,AR,2021-04-26 04:46:03
13,Cape Town,-33.9258,18.4232,62.01,88,20,6.91,ZA,2021-04-26 04:43:04
14,Kavieng,-2.5744,150.7967,84.13,67,92,4.32,PG,2021-04-26 04:46:12
15,Cap Malheureux,-19.9842,57.6142,78.01,83,100,8.99,MU,2021-04-26 04:46:12
16,Baiyin,36.5583,104.2081,46.4,27,11,8.95,CN,2021-04-26 04:46:12
17,Maamba,-17.3667,27.15,65.68,78,79,1.61,ZM,2021-04-26 04:46:13
18,Punta Arenas,-53.15,-70.9167,44.6,93,90,5.75,CL,2021-04-26 04:41:40
19,Coihaique,-45.5752,-72.0662,45.21,96,78,5.5,CL,2021-04-26 04:46:14
20,Kapaa,22.0752,-159.319,75.2,73,40,13.8,US,2021-04-26 04:45:59
21,Nhulunbuy,-12.2333,136.7667,82.4,83,40,5.75,AU,2021-04-26 04:46:14
22,Longyearbyen,78.2186,15.6401,15.8,67,20,4.61,SJ,2021-04-26 04:46:03
23,Jinchang,38.4953,102.1739,49.19,20,97,3.94,CN,2021-04-26 04:46:15
24,Rikitea,-23.1203,-134.9692,77.81,75,33,5.19,PF,2021-04-26 04:46:15
25,Huntsville,34.7304,-86.5861,53.01,87,1,3.69,US,2021-04-26 04:41:41
26,Tiksi,71.6872,128.8694,25.95,94,100,14.81,RU,2021-04-26 04:46:16
27,Santa Isabel Do Rio Negro,-0.4139,-65.0192,73.85,98,93,2.57,BR,2021-04-26 04:46:16
28,Mataura,-46.1927,168.8643,48.0,65,96,15.99,NZ,2021-04-26 04:46:16
29,Khatanga,71.9667,102.5,17.24,84,99,17.25,RU,2021-04-26 04:41:03
30,Cartagena,10.3997,-75.5144,80.6,83,75,10.36,CO,2021-04-26 04:46:17
31,Hinatuan,8.3722,126.3342,83.01,77,99,6.15,PH,2021-04-26 04:46:17
32,Atar,20.5169,-13.0499,74.17,23,0,7.99,MR,2021-04-26 04:46:18
33,Belovo,54.4165,86.2976,48.58,49,100,6.64,RU,2021-04-26 04:46:18
34,Port Alfred,-33.5906,26.891,71.47,43,95,6.76,ZA,2021-04-26 04:46:18
35,Smirnykh,49.75,142.8333,40.15,36,100,8.57,RU,2021-04-26 04:46:19
36,Yoichi,43.2039,140.7703,46.0,56,40,18.41,JP,2021-04-26 04:46:19
37,Arraial Do Cabo,-22.9661,-42.0278,73.76,88,50,8.19,BR,2021-04-26 04:46:20
38,Provideniya,64.3833,-173.3,33.8,75,0,4.47,RU,2021-04-26 04:45:57
39,Albany,42.6001,-73.9662,43.0,53,63,4.0,US,2021-04-26 04:41:42
40,Tuktoyaktuk,69.4541,-133.0374,14.0,79,90,8.05,CA,2021-04-26 04:46:20
41,Uspenka,48.3903,39.1619,49.39,51,100,5.97,UA,2021-04-26 04:46:21
42,Ostrovnoy,68.0531,39.5131,31.39,91,100,23.76,RU,2021-04-26 04:46:21
43,Gat,31.61,34.7642,66.99,100,30,1.01,IL,2021-04-26 04:42:00
44,Saint-Philippe,-21.3585,55.7679,78.8,65,0,11.5,RE,2021-04-26 04:46:22
45,Hilo,19.7297,-155.09,73.4,83,90,6.91,US,2021-04-26 04:46:22
46,Grindavik,63.8424,-22.4338,37.4,93,0,12.66,IS,2021-04-26 04:46:22
47,Bandarbeyla,9.4942,50.8122,83.46,65,78,5.41,SO,2021-04-26 04:46:23
48,East London,-33.0153,27.9116,66.2,52,0,5.75,ZA,2021-04-26 04:42:54
49,Bredasdorp,-34.5322,20.0403,51.8,93,79,2.3,ZA,2021-04-26 04:45:59
50,Tongren,27.7172,109.1853,65.3,79,97,2.08,CN,2021-04-26 04:46:24
51,Buritis,-15.6178,-46.4233,76.8,56,88,0.85,BR,2021-04-26 04:46:24
52,Victoria,22.2855,114.1577,75.0,78,100,5.99,HK,2021-04-26 04:45:13
53,Ribeira Grande,38.5167,-28.7,59.0,72,20,4.61,PT,2021-04-26 04:46:24
54,Hermanus,-34.4187,19.2345,60.01,91,1,1.99,ZA,2021-04-26 04:45:49
55,Torbay,47.6666,-52.7314,39.99,70,1,6.91,CA,2021-04-26 04:46:25
56,Komsomolskiy,40.4272,71.7189,73.4,27,3,4.61,UZ,2021-04-26 04:46:26
57,Ampanihy,-24.7,44.75,76.87,57,0,8.77,MG,2021-04-26 04:46:26
58,Keningau,5.3378,116.1602,89.6,74,20,9.22,MY,2021-04-26 04:46:26
59,Toora-Khem,52.4675,96.11,40.5,47,98,8.79,RU,2021-04-26 04:46:27
60,Butaritari,3.0707,172.7902,82.81,74,16,12.86,KI,2021-04-26 04:46:27
61,Saint George,37.1041,-113.5841,70.0,14,1,4.47,US,2021-04-26 04:43:53
62,Constitucion,-35.3333,-72.4167,56.14,76,0,8.61,CL,2021-04-26 04:46:28
63,Sitka,57.0531,-135.33,55.4,50,1,3.44,US,2021-04-26 04:46:28
64,Bethel,41.3712,-73.414,53.6,50,40,5.75,US,2021-04-26 04:46:28
65,Iqaluit,63.7506,-68.5145,32.0,93,90,3.44,CA,2021-04-26 04:46:29
66,Labuhan,-6.8844,112.2051,87.3,60,2,10.42,ID,2021-04-26 04:46:29
67,Zhenlai,45.8495,123.2973,70.47,11,100,20.85,CN,2021-04-26 04:46:30
68,Kahului,20.8947,-156.47,73.4,83,40,18.41,US,2021-04-26 04:46:30
69,Laguna,38.421,-121.4238,53.6,54,1,10.36,US,2021-04-26 04:46:30
70,San Patricio,28.017,-97.5169,73.4,88,75,10.36,US,2021-04-26 04:46:31
71,Serebryansk,49.6925,83.2892,57.2,21,20,8.95,KZ,2021-04-26 04:46:31
72,Quatre Cocos,-20.2078,57.7625,78.01,88,75,14.97,MU,2021-04-26 04:46:32
73,Lata,40.1629,-8.3327,57.2,88,40,5.75,PT,2021-04-26 04:46:32
74,Dikson,73.5069,80.5464,20.16,93,100,21.94,RU,2021-04-26 04:46:32
75,Amga,60.8953,131.9608,36.1,99,100,6.62,RU,2021-04-26 04:46:33
76,Marquette,46.5333,-87.6335,30.99,74,99,4.54,US,2021-04-26 04:46:34
77,Kieta,-6.2167,155.6333,85.15,68,26,6.29,PG,2021-04-26 04:46:34
78,Salalah,17.0151,54.0924,84.2,70,40,2.3,OM,2021-04-26 04:43:51
79,Norman Wells,65.282,-126.8329,28.4,46,40,6.91,CA,2021-04-26 04:46:34
80,North Shore,-36.8,174.75,64.0,70,50,5.99,NZ,2021-04-26 04:46:35
81,Busselton,-33.65,115.3333,79.0,46,99,3.0,AU,2021-04-26 04:46:35
82,Tual,-5.6667,132.75,83.21,70,74,9.06,ID,2021-04-26 04:46:36
83,Talnakh,69.4865,88.3972,11.82,84,99,9.33,RU,2021-04-26 04:46:36
84,Severo-Kurilsk,50.6789,156.125,31.69,96,100,15.37,RU,2021-04-26 04:46:36
85,Warri,5.5167,5.75,78.58,88,91,3.31,NG,2021-04-26 04:46:37
86,Guerrero Negro,27.9769,-114.0611,58.75,83,100,10.33,MX,2021-04-26 04:46:37
87,Sosva,59.1766,61.8558,44.71,57,21,12.21,RU,2021-04-26 04:46:38
88,Aklavik,68.2191,-135.0107,14.0,85,100,6.91,CA,2021-04-26 04:45:50
89,Alghero,40.5589,8.3181,48.2,100,75,5.75,IT,2021-04-26 04:46:38
90,Oakley,37.9974,-121.7124,51.8,71,1,16.11,US,2021-04-26 04:45:55
91,Santiago Del Estero,-27.7951,-64.2615,59.02,68,0,5.97,AR,2021-04-26 04:46:39
92,Matamoros,25.5333,-103.25,86.0,16,75,4.56,MX,2021-04-26 04:46:39
93,Kruisfontein,-34.0033,24.7314,65.05,48,100,1.88,ZA,2021-04-26 04:46:39
94,Los Llanos De Aridane,28.6585,-17.9182,66.2,68,90,2.3,ES,2021-04-26 04:46:40
95,Hun,29.1268,15.9477,58.42,71,9,8.03,LY,2021-04-26 04:46:40
96,Moron,-34.6534,-58.6198,61.0,97,7,3.87,AR,2021-04-26 04:42:17
97,Sao Filipe,14.8961,-24.4956,71.74,71,83,9.4,CV,2021-04-26 04:46:41
98,Aqtobe,50.2797,57.2072,46.4,87,40,6.71,KZ,2021-04-26 04:46:41
99,Saint-Francois,46.4154,3.9054,53.6,47,0,10.36,FR,2021-04-26 04:46:42
100,Vao,-22.6667,167.4833,74.43,71,46,15.84,NC,2021-04-26 04:46:42
101,Upernavik,72.7868,-56.1549,27.86,71,49,3.98,GL,2021-04-26 04:46:42
102,Westport,41.1415,-73.3579,53.6,76,75,6.91,US,2021-04-26 04:46:43
103,Dakar,14.6937,-17.4441,66.2,94,75,18.41,SN,2021-04-26 04:41:47
104,Lorengau,-2.0226,147.2712,84.06,71,94,1.45,PG,2021-04-26 04:46:00
105,Hithadhoo,-0.6,73.0833,82.89,66,64,4.36,MV,2021-04-26 04:46:44
106,Qaanaaq,77.484,-69.3632,28.4,62,10,9.82,GL,2021-04-26 04:46:44
107,Krasnoselkup,65.7,82.4667,29.89,77,51,10.25,RU,2021-04-26 04:46:44
108,Yellowknife,62.456,-114.3525,6.8,78,90,12.66,CA,2021-04-26 04:45:12
109,Coolum Beach,-26.5333,153.1,75.0,71,35,1.01,AU,2021-04-26 04:46:45
110,Celestun,20.8667,-90.4,78.64,80,2,11.27,MX,2021-04-26 04:46:46
111,Georgetown,5.4112,100.3354,89.6,66,40,5.75,MY,2021-04-26 04:46:24
112,Hobart,-42.8794,147.3294,66.2,42,40,17.27,AU,2021-04-26 04:43:37
113,Caravelas,-17.7125,-39.2481,74.12,87,3,6.29,BR,2021-04-26 04:46:47
114,Sao Felix Do Xingu,-6.6447,-51.995,71.83,98,93,1.41,BR,2021-04-26 04:46:47
115,Hervey Bay,-25.2986,152.8535,77.0,55,56,5.01,AU,2021-04-26 04:46:47
116,Mecca,21.4267,39.8261,87.57,30,5,8.63,SA,2021-04-26 04:46:48
117,Chuy,-33.6971,-53.4616,59.16,77,60,8.1,UY,2021-04-26 04:46:48
118,Cayenne,4.9333,-52.3333,77.0,94,75,6.91,GF,2021-04-26 04:42:53
119,Mouila,-1.8685,11.0559,72.25,98,99,1.03,GA,2021-04-26 04:46:49
120,Tevaitoa,-16.7833,-151.5,81.41,65,5,2.26,PF,2021-04-26 04:46:49
121,Zaysan,47.4667,84.8667,50.49,28,53,5.35,KZ,2021-04-26 04:46:50
122,Carnarvon,-24.8667,113.6333,93.2,18,0,5.75,AU,2021-04-26 04:46:50
123,Payo,-3.7508,103.6372,90.14,51,73,4.63,ID,2021-04-26 04:46:50
124,Puerto Ayora,-0.7393,-90.3518,74.43,88,4,6.73,EC,2021-04-26 04:46:51
125,Walvis Bay,-22.9575,14.5053,60.01,100,16,6.91,NA,2021-04-26 04:46:51
126,Bathsheba,13.2167,-59.5167,78.8,61,40,14.97,BB,2021-04-26 04:46:51
127,Opuwo,-18.0607,13.84,61.72,59,0,4.85,NA,2021-04-26 04:46:52
128,Mar Del Plata,-38.0023,-57.5575,60.01,88,75,3.44,AR,2021-04-26 04:46:52
129,Fukue,32.6881,128.8419,66.2,37,0,16.11,JP,2021-04-26 04:46:53
130,Cherskiy,68.75,161.3,22.39,75,93,6.71,RU,2021-04-26 04:46:53
131,Barranca,-10.75,-77.7667,65.19,89,33,5.77,PE,2021-04-26 04:46:53
132,Cuyo,10.8525,121.0086,82.24,75,82,11.18,PH,2021-04-26 04:46:54
133,Gwadar,25.1216,62.3254,83.75,63,92,4.25,PK,2021-04-26 04:45:26
134,Ornskoldsvik,63.2909,18.7153,32.0,59,90,9.22,SE,2021-04-26 04:46:54
135,Mwaro,-3.5,29.6667,57.51,94,100,1.81,BI,2021-04-26 04:46:55
136,Ivanava,52.1451,25.5365,33.87,64,22,5.95,BY,2021-04-26 04:46:55
137,Thompson,55.7435,-97.8558,30.2,93,90,3.44,CA,2021-04-26 04:46:55
138,Mugur-Aksy,50.35,90.5,28.15,38,12,1.19,RU,2021-04-26 04:46:56
139,Camana,-16.6228,-72.7111,67.46,85,22,7.11,PE,2021-04-26 04:46:56
140,Pierre,44.3683,-100.351,53.6,58,90,16.11,US,2021-04-26 04:46:21
141,Vila Velha,-20.3297,-40.2925,77.0,83,0,2.3,BR,2021-04-26 04:46:57
142,Souillac,-20.5167,57.5167,77.0,88,75,14.97,MU,2021-04-26 04:46:57
143,Raudeberg,61.9875,5.1352,36.0,71,8,5.14,NO,2021-04-26 04:46:58
144,General Pico,-35.6566,-63.7568,49.33,82,0,6.22,AR,2021-04-26 04:46:58
145,Pontianak,-0.0333,109.3333,89.6,66,75,4.61,ID,2021-04-26 04:46:59
146,Caldas Novas,-17.7417,-48.625,65.68,66,64,2.08,BR,2021-04-26 04:46:59
147,Ceres,37.5949,-120.9577,54.0,76,40,8.05,US,2021-04-26 04:46:59
148,Bambous Virieux,-20.3428,57.7575,78.01,88,75,14.97,MU,2021-04-26 04:45:51
149,Nebug,44.1714,39.0036,50.67,96,100,3.62,RU,2021-04-26 04:47:00
150,Dingle,10.9995,122.6711,89.42,55,67,13.09,PH,2021-04-26 04:47:00
151,Narsaq,60.9167,-46.05,50.0,32,90,29.93,GL,2021-04-26 04:47:01
152,Birao,10.2849,22.7882,75.45,67,91,2.08,CF,2021-04-26 04:47:01
153,Maputo,-25.9653,32.5892,68.0,94,20,3.44,MZ,2021-04-26 04:47:01
154,San Quintin,30.4833,-115.95,57.02,85,25,12.71,MX,2021-04-26 04:45:58
155,Sarangani,5.4033,125.4636,83.98,73,100,13.0,PH,2021-04-26 04:47:02
156,Klaksvik,62.2266,-6.589,42.8,100,100,19.57,FO,2021-04-26 04:47:03
157,Nikolskoye,59.7035,30.7861,39.0,87,90,13.42,RU,2021-04-26 04:41:13
158,Orotukan,62.2667,151.7,19.98,65,12,5.28,RU,2021-04-26 04:47:03
159,Linxia,35.6003,103.2064,47.41,43,100,2.04,CN,2021-04-26 04:47:04
160,Sehithwa,-20.4667,22.7167,59.29,33,4,4.16,BW,2021-04-26 04:47:04
161,Nanortalik,60.1432,-45.2371,35.91,98,100,5.86,GL,2021-04-26 04:47:04
162,Chimbote,-9.0853,-78.5783,65.05,90,11,7.94,PE,2021-04-26 04:44:58
163,Amahai,-3.3333,128.9167,85.17,60,8,5.82,ID,2021-04-26 04:47:05
164,Bredy,52.4153,60.3411,47.1,48,95,8.59,RU,2021-04-26 04:47:06
165,Presidencia Roque Saenz Pena,-26.7852,-60.4388,52.27,82,0,4.14,AR,2021-04-26 04:47:06
166,Dunedin,-45.8742,170.5036,45.0,88,89,21.99,NZ,2021-04-26 04:47:06
167,Mogwase,-25.185,27.2665,54.81,24,2,2.19,ZA,2021-04-26 04:47:07
168,Faanui,-16.4833,-151.75,81.48,63,14,2.64,PF,2021-04-26 04:47:07
169,Alim,9.5649,122.4876,84.56,70,78,9.08,PH,2021-04-26 04:47:08
170,Leningradskiy,69.3833,178.4167,27.95,89,79,1.48,RU,2021-04-26 04:45:56
171,Campbellsville,37.3434,-85.3419,50.0,81,1,5.12,US,2021-04-26 04:47:08
172,Palora,-1.7,-77.9333,64.33,98,99,3.4,EC,2021-04-26 04:47:09
173,Divnogorsk,55.9594,92.3619,46.4,53,40,13.42,RU,2021-04-26 04:47:09
174,Pio Ix,-6.8375,-40.5792,70.83,83,94,3.22,BR,2021-04-26 04:47:09
175,Nurota,40.5614,65.6886,73.4,31,2,6.91,UZ,2021-04-26 04:47:10
176,Srednekolymsk,67.45,153.6833,27.19,66,13,8.41,RU,2021-04-26 04:47:10
177,Kaitangata,-46.2817,169.8464,48.0,67,99,1.99,NZ,2021-04-26 04:47:10
178,Hobyo,5.3505,48.5268,85.26,59,91,9.06,SO,2021-04-26 04:47:11
179,Verkhnyaya Maksakovka,61.635,50.9674,39.2,81,75,11.18,RU,2021-04-26 04:47:11
180,Caconda,-13.7333,15.0667,57.99,65,43,1.74,AO,2021-04-26 04:47:12
181,Sur,22.5667,59.5289,90.82,36,16,2.8,OM,2021-04-26 04:47:12
182,Karagay,58.2667,54.9368,38.7,77,100,17.38,RU,2021-04-26 04:47:13
183,Tommot,58.9564,126.2925,40.91,87,100,7.09,RU,2021-04-26 04:47:13
184,Pozo Colorado,-23.4923,-58.7972,58.39,88,6,5.44,PY,2021-04-26 04:47:13
185,Cabo San Lucas,22.8909,-109.9124,72.0,32,100,11.74,MX,2021-04-26 04:45:56
186,Verkhnyaya Inta,65.9811,60.3094,44.01,66,100,17.16,RU,2021-04-26 04:47:14
187,Sovetskiy,61.3614,63.5842,45.5,53,88,11.32,RU,2021-04-26 04:47:14
188,Mana,5.6592,-53.7767,76.06,92,100,6.51,GF,2021-04-26 04:47:15
189,Mwense,-10.3845,28.698,65.44,87,63,1.41,ZM,2021-04-26 04:47:15
190,Portland,45.5234,-122.6762,52.0,70,97,1.48,US,2021-04-26 04:43:34
191,Maneadero,31.7167,-116.5667,59.0,85,38,1.99,MX,2021-04-26 04:47:15
192,Hualmay,-11.0964,-77.6139,65.62,89,15,7.16,PE,2021-04-26 04:47:16
193,Onguday,50.75,86.15,45.63,37,100,2.82,RU,2021-04-26 04:47:16
194,Kloulklubed,7.0419,134.2556,86.0,74,75,16.11,PW,2021-04-26 04:47:17
195,Revelstoke,50.9832,-118.2023,44.6,81,75,9.22,CA,2021-04-26 04:47:17
196,Hamilton,39.1834,-84.5333,46.4,87,1,3.4,US,2021-04-26 04:45:12
197,Kirensk,57.7853,108.1119,37.63,93,100,6.93,RU,2021-04-26 04:47:18
198,High Level,58.5169,-117.136,39.2,48,75,10.36,CA,2021-04-26 04:47:18
199,Xining,36.6167,101.7667,49.41,42,76,6.24,CN,2021-04-26 04:47:18
200,Jamestown,42.097,-79.2353,33.01,80,1,8.05,US,2021-04-26 04:41:19
201,Margate,51.3813,1.3862,43.0,68,11,5.99,GB,2021-04-26 04:47:19
202,Vardo,70.3705,31.1107,28.4,80,75,10.36,NO,2021-04-26 04:47:19
203,Alice Springs,-23.7,133.8833,77.0,22,0,13.8,AU,2021-04-26 04:47:20
204,Andros Town,24.7,-77.7667,75.2,94,0,4.61,BS,2021-04-26 04:47:20
205,Placido De Castro,-10.3353,-67.1856,72.1,98,76,4.81,BR,2021-04-26 04:47:20
206,Salinas,36.6777,-121.6555,55.4,71,90,8.05,US,2021-04-26 04:44:27
207,Flinders,-34.5833,150.8552,71.6,33,0,6.91,AU,2021-04-26 04:47:21
208,Lebu,-37.6167,-73.65,53.92,93,21,10.16,CL,2021-04-26 04:47:21
209,Mount Isa,-20.7333,139.5,89.6,29,40,13.8,AU,2021-04-26 04:47:22
210,Baghdad,33.3406,44.4009,80.6,32,96,8.05,IQ,2021-04-26 04:47:05
211,San Jose,37.3394,-121.895,51.8,87,75,4.61,US,2021-04-26 04:46:49
212,Lasa,46.6166,10.7002,52.0,87,40,4.61,IT,2021-04-26 04:47:22
213,Katsuura,35.1333,140.3,64.99,25,20,17.27,JP,2021-04-26 04:47:23
214,Mahebourg,-20.4081,57.7,77.0,88,75,14.97,MU,2021-04-26 04:47:05
215,Luderitz,-26.6481,15.1594,61.83,87,97,2.91,NA,2021-04-26 04:47:23
216,Cidreira,-30.1811,-50.2056,62.51,68,53,12.48,BR,2021-04-26 04:47:24
217,Bad Zwischenahn,53.1833,8.0,32.0,88,7,1.01,DE,2021-04-26 04:47:24
218,Lillooet,50.6856,-121.942,53.6,54,1,14.97,CA,2021-04-26 04:47:25
219,Gora,51.6664,16.5349,35.01,68,5,1.99,PL,2021-04-26 04:46:08
220,Barrow,71.2906,-156.7887,21.2,79,1,11.5,US,2021-04-26 04:47:25
221,Clyde River,70.4692,-68.5914,23.0,93,90,10.36,CA,2021-04-26 04:47:25
222,Jalu,29.0331,21.5482,60.21,62,0,6.58,LY,2021-04-26 04:47:26
223,Chapais,49.7834,-74.8492,23.0,93,90,11.5,CA,2021-04-26 04:47:26
224,Tanout,14.9709,8.8879,82.54,15,68,7.72,NE,2021-04-26 04:47:27
225,Kodiak,57.79,-152.4072,42.8,81,1,9.22,US,2021-04-26 04:46:03
226,Fortuna,40.5982,-124.1573,48.99,93,90,3.51,US,2021-04-26 04:47:28
227,Periyanayakkanpalaiyam,11.15,76.9333,87.8,58,20,2.3,IN,2021-04-26 04:47:28
228,Acapulco,16.8634,-99.8901,79.47,73,86,2.66,MX,2021-04-26 04:47:28
229,Ancud,-41.8697,-73.8203,52.0,100,90,5.75,CL,2021-04-26 04:47:29
230,Prachuap Khiri Khan,12.2167,99.75,91.4,58,20,8.05,TH,2021-04-26 04:47:29
231,Tuatapere,-46.1333,167.6833,48.0,65,94,15.99,NZ,2021-04-26 04:47:29
232,Plettenberg Bay,-34.0527,23.3716,64.47,67,100,4.07,ZA,2021-04-26 04:47:30
233,Bayan,46.0833,127.4,64.44,17,100,7.87,CN,2021-04-26 04:47:30
234,Haradok,55.4624,29.9816,31.48,84,59,8.41,BY,2021-04-26 04:47:31
235,Krasnovishersk,60.4078,57.082,38.19,82,100,9.86,RU,2021-04-26 04:47:31
236,Akyab,20.15,92.9,87.15,64,10,11.74,MM,2021-04-26 04:47:31
237,Bitung,1.4451,125.1824,82.4,74,40,10.36,ID,2021-04-26 04:47:32
238,Bengkulu,-3.8004,102.2655,84.99,69,43,9.06,ID,2021-04-26 04:45:52
239,Dakoro,14.5106,6.765,86.77,25,87,10.0,NE,2021-04-26 04:47:32
240,Riyadh,24.6877,46.7219,82.4,100,20,6.91,SA,2021-04-26 04:47:33
241,Filingue,14.3521,3.3168,85.73,26,25,8.84,NE,2021-04-26 04:47:33
242,Naze,28.3667,129.4833,75.2,69,40,19.57,JP,2021-04-26 04:47:34
243,Nuuk,64.1835,-51.7216,37.4,87,75,5.75,GL,2021-04-26 04:47:34
244,Malindi,-3.2175,40.1191,78.8,94,75,13.15,KE,2021-04-26 04:47:35
245,Ouricuri,-7.8825,-40.0817,70.05,86,47,4.0,BR,2021-04-26 04:47:35
246,Port Hardy,50.6996,-127.4199,48.2,100,75,3.44,CA,2021-04-26 04:47:35
247,Abashiri,44.0213,144.2697,44.6,31,20,11.5,JP,2021-04-26 04:47:36
248,Almenara,-16.1836,-40.6944,69.57,98,17,2.24,BR,2021-04-26 04:47:36
249,Korla,41.7597,86.1469,58.12,15,62,5.95,CN,2021-04-26 04:47:37
250,Adolfo Lopez Mateos,28.4667,-107.3,59.0,18,100,5.01,MX,2021-04-26 04:47:37
251,Cloquet,46.7216,-92.4594,33.01,100,90,6.91,US,2021-04-26 04:45:58
252,Karratha,-20.7377,116.8463,88.23,19,0,15.26,AU,2021-04-26 04:47:38
253,Sonoita,31.85,-112.8333,69.94,23,100,15.12,MX,2021-04-26 04:47:38
254,Biberach,48.0934,9.7905,35.01,75,75,8.05,DE,2021-04-26 04:47:38
255,Pozzallo,36.7305,14.8499,52.0,93,30,5.75,IT,2021-04-26 04:47:39
256,Vostok,46.4856,135.8833,49.44,25,9,8.46,RU,2021-04-26 04:47:39
257,Namibe,-15.1961,12.1522,74.79,69,0,8.08,AO,2021-04-26 04:47:40
258,Troitskoye,52.9821,84.6757,46.42,57,100,7.0,RU,2021-04-26 04:47:40
259,Gazli,40.1333,63.45,76.91,14,1,22.35,UZ,2021-04-26 04:47:40
260,Mitsamiouli,-11.3847,43.2844,81.34,75,92,4.54,KM,2021-04-26 04:45:57
261,Kadyy,57.787,43.1903,34.9,93,100,13.53,RU,2021-04-26 04:47:41
262,Hasaki,35.7333,140.8333,66.0,25,20,5.75,JP,2021-04-26 04:47:42
263,Sobolevo,54.4299,31.8996,34.75,70,11,8.52,RU,2021-04-26 04:47:42
264,Lakki Marwat,32.6079,70.9114,91.29,14,3,3.53,PK,2021-04-26 04:45:23
265,Adrar,20.5022,-10.0711,75.69,22,43,10.2,MR,2021-04-26 04:45:55
266,Broken Hill,-31.95,141.4333,69.8,37,0,11.5,AU,2021-04-26 04:47:43
267,Brazzaville,-4.2658,15.2832,75.2,94,20,5.75,CG,2021-04-26 04:47:43
268,Asau,46.4333,26.4,37.99,64,71,0.87,RO,2021-04-26 04:47:44
269,Strai,58.2,7.9,39.0,80,0,5.75,NO,2021-04-26 04:47:44
270,Saskylakh,71.9167,114.0833,14.41,89,100,20.69,RU,2021-04-26 04:47:45
271,Meulaboh,4.1363,96.1285,86.04,62,89,5.08,ID,2021-04-26 04:47:45
272,San Cristobal,7.7669,-72.225,68.49,76,55,1.9,VE,2021-04-26 04:47:45
273,Primo Tapia,32.22,-116.9172,59.0,67,40,4.61,MX,2021-04-26 04:47:46
274,San Rafael,-34.6177,-68.3301,58.06,58,0,4.25,AR,2021-04-26 04:47:46
275,Gizo,-8.103,156.8419,84.6,69,26,3.94,SB,2021-04-26 04:47:46
276,Pyinmana,19.7333,96.2167,100.63,31,42,10.87,MM,2021-04-26 04:47:47
277,Hong Gai,20.956,107.0946,73.4,94,20,6.91,VN,2021-04-26 04:47:47
278,Pevek,69.7008,170.3133,26.08,85,99,3.15,RU,2021-04-26 04:45:53
279,Tilichiki,60.4667,166.1,31.69,97,100,5.57,RU,2021-04-26 04:47:48
280,Lavrentiya,65.5833,-171.0,31.8,92,98,1.21,RU,2021-04-26 04:47:48
281,Beloha,-25.1667,45.05,76.14,62,0,6.87,MG,2021-04-26 04:47:48
282,Negombo,7.2083,79.8358,86.0,74,20,3.44,LK,2021-04-26 04:47:49
283,Olafsvik,64.8945,-23.7142,39.54,87,11,11.79,IS,2021-04-26 04:47:49
284,Yashan,22.1975,109.9419,74.05,91,100,4.72,CN,2021-04-26 04:47:50
285,Saldanha,-33.0117,17.9442,60.8,94,10,10.36,ZA,2021-04-26 04:47:50
286,Belousovka,50.1339,82.5239,57.2,21,20,8.95,KZ,2021-04-26 04:47:51
287,Palembang,-2.9167,104.7458,89.6,62,75,2.3,ID,2021-04-26 04:47:51
288,Cape Coast,5.1053,-1.2466,79.72,86,86,6.42,GH,2021-04-26 04:47:51
289,Qeshm,26.9581,56.2719,89.6,31,52,4.61,IR,2021-04-26 04:47:52
290,Druskininkai,54.0167,23.9667,28.4,80,0,8.95,LT,2021-04-26 04:47:52
291,Prince Rupert,54.3161,-130.3201,51.8,54,1,6.91,CA,2021-04-26 04:47:53
292,Ponta Do Sol,32.6667,-17.1,59.0,82,44,3.0,PT,2021-04-26 04:47:53
293,Tasiilaq,65.6145,-37.6368,37.4,70,75,17.27,GL,2021-04-26 04:47:53
294,Misratah,32.3754,15.0925,61.05,86,17,11.48,LY,2021-04-26 04:47:54
295,Yar-Sale,66.8333,70.8333,33.57,99,100,15.26,RU,2021-04-26 04:47:54
296,Kirakira,-10.4544,161.9205,84.49,73,78,0.2,SB,2021-04-26 04:47:54
297,Padang,-0.9492,100.3543,86.0,70,40,4.61,ID,2021-04-26 04:47:55
298,Porto Novo,6.4965,2.6036,84.2,79,40,8.05,BJ,2021-04-26 04:47:55
299,Camacha,33.0833,-16.3333,62.6,77,20,17.27,PT,2021-04-26 04:47:56
300,Litovko,49.2361,135.1742,58.14,25,86,3.13,RU,2021-04-26 04:47:56
301,Aberdeen,57.1437,-2.0981,39.2,87,100,3.44,GB,2021-04-26 04:43:31
302,Veliko Gradiste,44.7567,21.5136,46.0,81,52,1.7,RS,2021-04-26 04:47:57
303,Trelew,-43.249,-65.3051,58.41,52,40,12.06,AR,2021-04-26 04:47:57
304,Shubarshi,48.5872,57.1869,59.83,49,100,7.47,KZ,2021-04-26 04:47:57
305,Valdivia,-39.8142,-73.2459,44.6,100,75,3.44,CL,2021-04-26 04:47:58
306,Manali,13.1667,80.2667,89.6,58,40,5.75,IN,2021-04-26 04:47:58
307,Esmeraldas,-19.7625,-44.3139,64.4,77,0,2.3,BR,2021-04-26 04:47:59
308,Beringovskiy,63.05,179.3167,31.55,90,44,2.1,RU,2021-04-26 04:47:59
309,Ovsyanka,55.9575,92.5519,46.4,53,40,13.42,RU,2021-04-26 04:47:59
310,Chagoda,59.164,35.3285,32.72,99,100,8.5,RU,2021-04-26 04:48:00
311,Lake Zurich,42.197,-88.0934,39.99,70,100,7.14,US,2021-04-26 04:48:00
312,Bobrovytsya,50.75,31.3833,37.0,87,90,11.18,UA,2021-04-26 04:48:00
313,Puerto Escondido,15.85,-97.0667,81.41,81,94,6.46,MX,2021-04-26 04:48:01
314,Miandrivazo,-19.5167,45.4667,78.31,71,100,3.58,MG,2021-04-26 04:48:02
315,Inirida,3.8653,-67.9239,74.23,96,100,2.42,CO,2021-04-26 04:48:02
316,Sao Joao De Pirabas,-0.7747,-47.1772,75.79,91,73,4.54,BR,2021-04-26 04:48:02
317,Chas,23.6333,86.1667,100.9,6,1,5.01,IN,2021-04-26 04:48:03
318,Saint-Augustin,51.226,-58.6502,34.07,83,21,3.29,CA,2021-04-26 04:45:51
319,Khani,41.9563,42.9566,53.6,94,75,9.22,GE,2021-04-26 04:48:03
320,Nuevo Casas Grandes,30.4167,-107.9167,71.01,12,100,11.01,MX,2021-04-26 04:46:07
321,Seguela,7.9611,-6.6731,71.94,87,94,3.96,CI,2021-04-26 04:48:04
322,Ishigaki,24.3448,124.1572,77.0,61,40,12.66,JP,2021-04-26 04:48:04
323,Berlevag,70.8578,29.0864,33.8,86,75,8.05,NO,2021-04-26 04:48:05
324,Eureka,40.8021,-124.1637,48.99,93,75,3.44,US,2021-04-26 04:45:10
325,Makakilo City,21.3469,-158.0858,80.01,57,20,9.22,US,2021-04-26 04:48:05
326,Takoradi,4.8845,-1.7554,79.5,86,100,5.23,GH,2021-04-26 04:48:06
327,Fairbanks,64.8378,-147.7164,64.4,20,1,4.61,US,2021-04-26 04:45:49
328,Kourou,5.1552,-52.6478,77.0,94,75,6.91,GF,2021-04-26 04:48:06
329,Henties Bay,-22.116,14.2845,60.01,93,2,1.99,NA,2021-04-26 04:48:06
330,Balaghat,21.8,80.1833,102.24,6,29,1.99,IN,2021-04-26 04:48:07
331,Kemijarvi,66.7131,27.4306,27.9,80,78,10.29,FI,2021-04-26 04:48:07
332,Boguchany,58.3814,97.4531,40.66,73,98,9.35,RU,2021-04-26 04:48:08
333,Vega De Alatorre,20.0333,-96.6333,77.61,83,79,3.71,MX,2021-04-26 04:48:08
334,La Grande,45.3246,-118.0877,43.0,84,100,2.26,US,2021-04-26 04:48:08
335,Inuvik,68.3499,-133.7218,14.0,85,84,6.91,CA,2021-04-26 04:48:09
336,Vigevano,45.3117,8.8611,60.01,59,100,4.07,IT,2021-04-26 04:48:09
337,Nyuksenitsa,60.4128,44.2397,39.27,97,100,4.63,RU,2021-04-26 04:48:10
338,Yerbogachen,61.2767,108.0108,29.46,55,96,13.98,RU,2021-04-26 04:48:10
339,Igboho,8.8333,3.75,73.04,88,98,6.24,NG,2021-04-26 04:48:10
340,Saint-Ambroise,48.5501,-71.3324,43.0,93,90,4.61,CA,2021-04-26 04:48:11
341,Mucuri,-18.0864,-39.5508,74.52,89,9,9.06,BR,2021-04-26 04:48:11
342,Bitkine,11.9801,18.2138,82.08,41,48,8.55,TD,2021-04-26 04:48:12
343,Vanimo,-2.6741,141.3028,83.12,67,100,4.05,PG,2021-04-26 04:48:12
344,Lagos,6.5833,3.75,78.8,94,20,2.3,NG,2021-04-26 04:46:50
345,Bogolyubovo,56.1956,40.5297,36.5,75,79,15.5,RU,2021-04-26 04:48:13
346,Pisco,-13.7,-76.2167,64.0,88,0,1.14,PE,2021-04-26 04:44:55
347,Necochea,-38.5473,-58.7368,55.0,92,48,4.18,AR,2021-04-26 04:48:13
348,Los Banos,14.1667,121.1833,87.8,66,40,8.05,PH,2021-04-26 04:48:14
349,Dwarka,22.2394,68.9678,86.56,55,0,10.13,IN,2021-04-26 04:48:14
350,Umm Kaddadah,13.6017,26.6876,76.46,55,47,6.2,SD,2021-04-26 04:48:15
351,Veraval,20.9,70.3667,90.7,47,1,10.09,IN,2021-04-26 04:48:15
352,Maraa,-1.8333,-65.3667,73.6,98,100,2.46,BR,2021-04-26 04:48:15
353,Qianjiang,30.4151,112.8859,63.9,71,95,2.66,CN,2021-04-26 04:48:16
354,Multan,30.1956,71.4753,89.6,29,0,7.09,PK,2021-04-26 04:48:16
355,Mezhdurechensk,53.6942,88.0603,46.27,66,100,3.47,RU,2021-04-26 04:48:17
356,Faya,18.3851,42.4509,62.6,63,40,6.06,SA,2021-04-26 04:48:17
357,Airai,-8.9266,125.4092,74.25,40,29,2.98,TL,2021-04-26 04:48:17
358,Le Port,-20.9373,55.2919,77.0,73,0,19.57,RE,2021-04-26 04:48:18
359,Rawatsar,29.2833,74.3833,96.42,8,0,4.18,IN,2021-04-26 04:48:18
360,Suraabad,40.8192,49.4687,62.6,63,0,9.22,AZ,2021-04-26 04:48:19
361,Moralillo,22.2167,-97.9,75.99,97,98,4.0,MX,2021-04-26 04:48:19
362,Broome,42.2506,-75.833,37.0,69,90,17.27,US,2021-04-26 04:48:19
363,Uthai Thani,15.3833,99.55,93.99,60,99,3.49,TH,2021-04-26 04:48:20
364,Lubango,-14.9172,13.4925,60.31,67,67,2.91,AO,2021-04-26 04:48:20
365,Miedzyrzec Podlaski,51.9864,22.7825,33.06,87,83,7.81,PL,2021-04-26 04:48:21
366,Mayo,38.8876,-76.5119,57.2,54,1,5.75,US,2021-04-26 04:48:21
367,Kampene,-3.6,26.6667,67.35,96,78,1.19,CD,2021-04-26 04:48:21
368,Bose,45.4612,8.0137,55.0,76,100,3.42,IT,2021-04-26 04:48:22
369,Bhuban,20.8833,85.8333,101.62,19,10,6.89,IN,2021-04-26 04:48:22
370,Nongan,44.382,125.1685,68.0,13,0,11.18,CN,2021-04-26 04:48:22
371,La Romana,18.4273,-68.9728,72.75,86,3,5.28,DO,2021-04-26 04:48:23
372,Shiyan,32.6475,110.7781,70.52,57,90,3.53,CN,2021-04-26 04:48:23
373,Makubetsu,45.3714,141.8211,42.8,61,40,14.97,JP,2021-04-26 04:48:24
374,Marzuq,14.4,46.4667,75.74,49,54,1.95,YE,2021-04-26 04:48:24
375,Calama,-22.4667,-68.9333,41.0,33,0,19.57,CL,2021-04-26 04:48:24
376,Matara,5.9485,80.5353,86.31,65,85,3.6,LK,2021-04-26 04:48:25
377,Letychiv,49.3826,27.6305,36.61,69,72,5.97,UA,2021-04-26 04:48:25
378,Nishihara,26.1842,127.7558,78.8,53,40,13.8,JP,2021-04-26 04:48:26
379,Tabou,4.423,-7.3528,76.05,89,100,4.76,CI,2021-04-26 04:48:26
380,Plaisance-Du-Touch,43.5657,1.2975,57.2,54,0,9.22,FR,2021-04-26 04:48:26
381,George,-33.963,22.4617,60.8,82,0,4.61,ZA,2021-04-26 04:48:27
382,Verkhnevilyuysk,63.4453,120.3167,30.49,88,100,10.49,RU,2021-04-26 04:48:27
383,Tigil,57.8,158.6667,32.2,82,100,4.94,RU,2021-04-26 04:48:27
384,Yarmouth,41.7057,-70.2286,46.99,87,1,9.22,US,2021-04-26 04:48:28
385,La Ronge,55.1001,-105.2842,33.8,59,100,9.22,CA,2021-04-26 04:48:28
386,Longkou,37.6508,120.3286,50.95,75,92,13.6,CN,2021-04-26 04:48:29
387,Razole,16.4833,81.8333,91.4,58,40,6.91,IN,2021-04-26 04:48:29
388,Nikolsk,53.7189,46.0712,42.19,61,32,16.49,RU,2021-04-26 04:48:29
389,Keti Bandar,24.1447,67.4497,86.9,58,0,14.47,PK,2021-04-26 04:48:30
390,Banjarmasin,-3.3244,114.591,89.6,66,40,3.44,ID,2021-04-26 04:44:24
391,Stromness,58.965,-3.296,44.6,93,75,5.75,GB,2021-04-26 04:48:30
392,Wolgast,54.05,13.7667,39.99,79,54,1.01,DE,2021-04-26 04:48:31
393,Yumen,40.2833,97.2,54.21,9,6,21.52,CN,2021-04-26 04:48:12
394,Vaitape,-16.5167,-151.75,81.48,64,12,2.62,PF,2021-04-26 04:48:32
395,Campina Verde,-19.5356,-49.4864,64.47,41,29,2.95,BR,2021-04-26 04:48:32
396,Coquimbo,-29.9533,-71.3436,53.6,87,0,2.3,CL,2021-04-26 04:48:32
397,Shilong,23.1123,113.8425,79.0,61,75,11.18,CN,2021-04-26 04:48:33
398,Kilindoni,-7.9139,39.6668,78.91,84,84,9.51,TZ,2021-04-26 04:48:33
399,Izhma,65.0083,53.9113,39.7,93,100,5.68,RU,2021-04-26 04:48:33
400,Gillette,44.2911,-105.5022,48.2,66,90,5.75,US,2021-04-26 04:48:34
401,Subottsi,48.6554,32.5209,45.39,67,94,16.04,UA,2021-04-26 04:48:34
402,Sorong,-0.8833,131.25,84.92,67,29,6.22,ID,2021-04-26 04:48:35
403,Knarvik,60.5422,5.2883,37.99,68,9,1.01,NO,2021-04-26 04:48:35
404,Kiunga,-6.1219,141.2906,92.17,47,76,3.24,PG,2021-04-26 04:48:35
405,Porosozero,62.7191,32.727,34.9,82,100,12.44,RU,2021-04-26 04:48:36
406,Vestmannaeyjar,63.4427,-20.2734,44.62,85,3,7.31,IS,2021-04-26 04:48:36
407,Dargaville,-35.9333,173.8833,61.12,64,43,8.97,NZ,2021-04-26 04:48:37
408,Saint-Leu,-21.15,55.2833,78.8,65,0,11.5,RE,2021-04-26 04:48:37
409,Lompoc,34.6391,-120.4579,51.8,87,100,4.61,US,2021-04-26 04:48:37
410,Bodden Town,19.2833,-81.25,79.0,1,61,3.27,KY,2021-04-26 04:48:38
411,Hofn,64.2539,-15.2082,41.97,71,8,10.8,IS,2021-04-26 04:48:38
412,Bubaque,11.2833,-15.8333,77.11,67,27,10.04,GW,2021-04-26 04:48:38
413,Avera,33.194,-82.5271,59.0,100,1,4.61,US,2021-04-26 04:48:39
414,High Rock,26.6208,-78.2833,80.6,83,40,12.66,BS,2021-04-26 04:48:39
415,Manokwari,-0.8667,134.0833,81.52,78,94,7.58,ID,2021-04-26 04:48:08
416,Petropavlovsk-Kamchatskiy,53.0452,158.6483,37.4,100,90,11.18,RU,2021-04-26 04:48:40
417,Aleksandrov Gay,50.147,48.5704,47.97,48,100,5.39,RU,2021-04-26 04:48:40
418,Marneuli,41.4759,44.8089,60.8,88,75,3.44,GE,2021-04-26 04:48:40
419,Terrace Bay,48.7834,-87.1,26.6,86,94,4.83,CA,2021-04-26 04:48:41
420,Inhambane,-23.865,35.3833,69.66,89,0,3.85,MZ,2021-04-26 04:48:41
421,Ulladulla,-35.35,150.4667,71.6,33,0,6.91,AU,2021-04-26 04:48:42
422,Mae Sai,20.4335,99.8762,82.4,65,40,3.44,TH,2021-04-26 04:48:42
423,Chumikan,54.7183,135.315,41.77,77,93,6.64,RU,2021-04-26 04:48:42
424,Akureyri,65.6835,-18.0878,35.6,87,75,8.05,IS,2021-04-26 04:48:43
425,Ilulissat,69.2167,-51.1,48.2,43,75,27.63,GL,2021-04-26 04:48:43
426,Veselynove,47.3567,31.2349,46.4,81,40,8.95,UA,2021-04-26 04:48:44
427,Mahanoro,-19.9,48.8,73.63,91,100,7.7,MG,2021-04-26 04:48:44
428,Sao Joao Da Barra,-21.6403,-41.0511,73.22,93,55,4.76,BR,2021-04-26 04:48:44
429,Fare,-16.7,-151.0167,81.57,63,3,1.39,PF,2021-04-26 04:48:45
430,Shenzhen,22.5455,114.0683,78.01,81,100,8.63,CN,2021-04-26 04:44:13
431,Port Lincoln,-34.7333,135.8667,66.36,63,2,9.22,AU,2021-04-26 04:48:45
432,Wewak,-3.5534,143.6268,84.56,69,65,7.83,PG,2021-04-26 04:48:46
433,Hella,67.2,14.4333,37.4,70,75,4.61,NO,2021-04-26 04:48:46
434,Auki,-8.7676,160.7034,83.66,73,100,4.7,SB,2021-04-26 04:48:47
435,Coihueco,-36.6167,-71.8333,48.2,100,0,3.44,CL,2021-04-26 04:48:47
436,Mahibadhoo,3.7833,72.9667,83.43,72,55,3.69,MV,2021-04-26 04:48:47
437,Comodoro Rivadavia,-45.8667,-67.5,51.8,71,0,2.3,AR,2021-04-26 04:45:01
438,Morros,-9.4467,-46.3003,71.44,90,100,1.3,BR,2021-04-26 04:48:48
439,Starodub,52.5844,32.7633,36.07,64,94,4.79,RU,2021-04-26 04:48:48
440,Waipawa,-41.4122,175.5153,60.8,51,11,13.8,NZ,2021-04-26 04:48:49
441,Preveza,38.95,20.75,53.6,94,20,5.75,GR,2021-04-26 04:46:03
442,Sept-Iles,50.2001,-66.3821,42.01,48,75,13.8,CA,2021-04-26 04:48:35
443,Agdam,39.991,46.9274,64.42,65,34,4.88,AZ,2021-04-26 04:48:50
444,Tura,25.5198,90.2201,97.68,17,33,7.7,IN,2021-04-26 04:48:50
445,Roma,43.2128,-75.4557,39.2,65,90,16.11,US,2021-04-26 04:48:50
446,Isangel,-19.55,169.2667,77.36,81,91,13.4,VU,2021-04-26 04:48:51
447,Galesong,-5.3166,119.3661,91.4,58,20,3.44,ID,2021-04-26 04:48:51
448,Tocopilla,-22.092,-70.1979,64.56,69,10,1.81,CL,2021-04-26 04:48:52
449,Sanchazi,42.0817,126.6003,65.77,17,100,11.12,CN,2021-04-26 04:48:52
450,Riachao Das Neves,-11.7461,-44.91,69.15,92,100,0.74,BR,2021-04-26 04:48:52
451,Svetlyy,54.675,20.1347,36.0,87,75,8.95,RU,2021-04-26 04:48:53
452,Hailar,49.2,119.7,66.61,31,77,16.87,CN,2021-04-26 04:48:53
453,Bintulu,3.1667,113.0333,89.6,66,40,2.3,MY,2021-04-26 04:48:46
454,Ahipara,-35.1667,173.1667,61.65,69,28,7.54,NZ,2021-04-26 04:48:54
455,Santa Maria,-29.6842,-53.8069,51.67,82,11,2.19,BR,2021-04-26 04:48:54
456,Amapa,1.0,-52.0,70.14,99,100,1.61,BR,2021-04-26 04:48:54
457,Golyshmanovo,56.3979,68.3728,51.51,47,49,17.58,RU,2021-04-26 04:48:55
458,Beyneu,45.3167,55.2,76.82,15,33,23.58,KZ,2021-04-26 04:48:55
459,Rio Gallegos,-51.6226,-69.2181,51.8,54,40,12.66,AR,2021-04-26 04:48:25
460,Antalaha,-14.9003,50.2788,77.07,77,98,4.27,MG,2021-04-26 04:48:56
461,Mormugao,15.4,73.8,84.58,65,87,2.3,IN,2021-04-26 04:48:56
462,Saryozek,44.3583,77.9753,61.99,30,65,11.56,KZ,2021-04-26 04:48:56
463,Mogadishu,2.0371,45.3438,84.2,70,75,6.91,SO,2021-04-26 04:48:57
464,Bosobolo,4.1833,19.9,70.07,95,88,1.95,CD,2021-04-26 04:48:57
465,Traverse City,44.7631,-85.6206,32.0,80,90,5.08,US,2021-04-26 04:48:58
466,Pervomayskoye,43.919,46.7102,59.22,65,86,11.81,RU,2021-04-26 04:48:58
467,Poso,-1.3959,120.7524,87.82,60,91,7.27,ID,2021-04-26 04:48:59
468,Waverly,42.7392,-84.6208,42.8,48,75,5.75,US,2021-04-26 04:48:59
469,Geraldton,-28.7667,114.6,86.0,28,21,11.5,AU,2021-04-26 04:48:59
470,Ostersund,63.1792,14.6357,28.99,68,0,6.91,SE,2021-04-26 04:49:00
471,Ambo,-10.1308,-76.2047,59.05,90,63,1.14,PE,2021-04-26 04:49:00
472,Oranjestad,12.524,-70.027,79.0,83,20,17.27,AW,2021-04-26 04:49:00
473,Grand Gaube,-20.0064,57.6608,78.01,83,100,8.99,MU,2021-04-26 04:49:01
474,Stornoway,58.2093,-6.3865,48.99,87,75,12.66,GB,2021-04-26 04:49:01
475,Saint-Joseph,-21.3667,55.6167,78.8,65,0,11.5,RE,2021-04-26 04:49:02
476,Yuxia,34.0615,108.6291,60.8,77,75,11.18,CN,2021-04-26 04:49:02
477,Lamu,-2.2717,40.902,82.99,75,77,10.09,KE,2021-04-26 04:49:02
478,Ust-Kuyga,70.0167,135.6,32.59,96,100,5.7,RU,2021-04-26 04:49:03
479,Kalabo,-14.97,22.6814,64.98,65,99,5.17,ZM,2021-04-26 04:49:03
480,Muriti,-1.9833,32.9167,68.0,88,75,11.5,TZ,2021-04-26 04:49:03
481,Ortona,42.3496,14.4039,46.4,87,75,1.14,IT,2021-04-26 04:49:04
482,Lagoa,39.05,-27.9833,58.73,85,100,9.84,PT,2021-04-26 04:49:04
483,Solnechnyy,50.7214,136.6319,52.81,32,75,4.14,RU,2021-04-26 04:49:04
484,Mareeba,-17.0,145.4333,75.2,94,90,12.66,AU,2021-04-26 04:49:05
485,Manaure,11.7751,-72.4445,79.34,71,48,10.67,CO,2021-04-26 04:49:05
486,Bereslavka,48.6254,44.0449,48.2,46,0,8.95,RU,2021-04-26 04:49:06
487,Waddan,29.1614,16.139,58.17,71,14,7.78,LY,2021-04-26 04:49:06
488,Sena Madureira,-9.0656,-68.6569,72.32,99,81,0.36,BR,2021-04-26 04:49:07
489,Mount Gambier,-37.8333,140.7667,59.0,77,90,9.22,AU,2021-04-26 04:49:07
490,Kyra,49.5776,111.9753,44.94,44,75,20.92,RU,2021-04-26 04:49:07
491,Dhidhdhoo,6.8833,73.1,84.22,70,13,3.31,MV,2021-04-26 04:46:47
492,Talara,-4.5772,-81.2719,71.64,75,64,14.94,PE,2021-04-26 04:49:08
493,Chatrapur,19.35,84.9833,93.97,40,33,13.0,IN,2021-04-26 04:49:08
494,Kastamonu,41.5,33.6667,46.15,90,100,2.37,TR,2021-04-26 04:44:33
495,Marshfield,44.6689,-90.1718,42.8,49,90,12.66,US,2021-04-26 04:44:20
496,Ternate,0.8,127.4,85.57,67,40,7.92,ID,2021-04-26 04:49:09
497,Udachnyy,66.4167,112.4,16.75,81,100,26.17,RU,2021-04-26 04:49:09
498,Bilma,18.6853,12.9164,83.28,13,4,8.86,NE,2021-04-26 04:49:10
499,Codrington,-38.2667,141.9667,60.28,67,100,11.34,AU,2021-04-26 04:49:10
500,Taltal,-25.4,-70.4833,60.84,84,0,0.98,CL,2021-04-26 04:48:11
501,Beruwala,6.4788,79.9828,85.5,67,74,3.85,LK,2021-04-26 04:49:11
502,Zhuhai,22.2769,113.5678,77.0,78,40,16.11,CN,2021-04-26 04:49:11
503,Peniche,39.3558,-9.3811,55.99,92,95,8.99,PT,2021-04-26 04:49:12
504,Esperance,-33.8667,121.9,86.0,20,45,13.8,AU,2021-04-26 04:49:12
505,Saint-Pierre,-21.3393,55.4781,78.8,65,0,11.5,RE,2021-04-26 04:49:12
506,Japura,-0.3167,102.35,88.84,65,39,1.43,ID,2021-04-26 04:49:13
507,Pacific Grove,36.6177,-121.9166,53.6,76,75,3.44,US,2021-04-26 04:49:13
508,Antofagasta,-23.65,-70.4,57.2,82,0,4.61,CL,2021-04-26 04:49:14
509,Obihiro,42.9172,143.2044,46.4,29,20,6.91,JP,2021-04-26 04:49:14
510,Price,39.5994,-110.8107,60.8,17,1,6.91,US,2021-04-26 04:49:14
511,Tymovskoye,50.8456,142.655,37.67,43,97,7.96,RU,2021-04-26 04:49:15
512,San Roque,36.2107,-5.3842,59.0,94,47,5.75,ES,2021-04-26 04:49:15
513,Cairns,-16.9167,145.7667,75.2,94,90,12.66,AU,2021-04-26 04:49:15
514,Manzhouli,49.6,117.4333,66.9,25,45,25.64,CN,2021-04-26 04:49:16
515,Araouane,18.9048,-3.5265,87.44,14,39,7.7,ML,2021-04-26 04:49:17
516,Cabral,18.25,-71.2167,75.94,78,74,4.72,DO,2021-04-26 04:49:17
517,Evensk,61.95,159.2333,25.95,82,92,8.21,RU,2021-04-26 04:49:17
518,Kishanpur,25.65,81.0167,100.71,6,54,8.66,IN,2021-04-26 04:49:18
519,Rubiataba,-15.1644,-49.8033,69.19,72,90,0.25,BR,2021-04-26 04:49:18
520,Labuan,5.2767,115.2417,86.0,79,20,3.44,MY,2021-04-26 04:49:18
521,Strezhevoy,60.7333,77.5889,50.0,34,0,8.95,RU,2021-04-26 04:49:19
522,Ukiah,39.1502,-123.2078,50.0,62,75,4.61,US,2021-04-26 04:49:19
523,Salo,45.6086,10.531,60.01,55,75,3.44,IT,2021-04-26 04:49:20
524,Bertoua,4.5833,13.6833,67.78,89,94,0.76,CM,2021-04-26 04:49:20
525,Matipo,-20.2839,-42.3411,64.4,88,93,2.28,BR,2021-04-26 04:49:20
526,Mao,39.8885,4.2658,59.0,82,0,13.8,ES,2021-04-26 04:49:21
527,Kisaran,2.9845,99.6158,90.05,54,93,3.67,ID,2021-04-26 04:49:21
528,Half Moon Bay,37.4636,-122.4286,51.8,100,40,5.19,US,2021-04-26 04:49:21
529,Burnie,-41.0667,145.9167,61.0,61,21,13.0,AU,2021-04-26 04:48:40
530,Buraydah,26.326,43.975,75.2,50,20,4.61,SA,2021-04-26 04:49:22
531,Synya,65.3718,58.0387,45.55,63,100,2.28,RU,2021-04-26 04:49:23
532,Tecoanapa,16.5167,-98.75,80.01,77,93,4.52,MX,2021-04-26 04:49:23
533,Kralendijk,12.15,-68.2667,78.8,83,11,14.97,BQ,2021-04-26 04:49:23
534,Pemangkat,1.1667,108.9667,84.27,72,5,8.48,ID,2021-04-26 04:49:08
535,Cozumel,20.5083,-86.9458,78.8,83,20,6.91,MX,2021-04-26 04:46:52
536,Feijo,-8.1642,-70.3536,72.21,99,89,2.93,BR,2021-04-26 04:49:24
537,Pandan Niog,6.2282,120.5631,83.44,70,25,5.14,PH,2021-04-26 04:49:25
538,Gravdal,68.1214,13.5031,33.8,93,75,4.61,NO,2021-04-26 04:49:25
539,Eydhafushi,5.1033,73.0708,83.53,70,10,1.95,MV,2021-04-26 04:49:25
540,Boa Vista,2.8197,-60.6733,78.8,78,75,6.91,BR,2021-04-26 04:49:26
541,Ponta Delgada,37.7333,-25.6667,57.2,94,75,10.36,PT,2021-04-26 04:49:26
542,Kondinskoye,59.6481,67.41,42.69,82,100,5.37,RU,2021-04-26 04:49:26
543,Ambulu,-8.345,113.6058,87.55,59,1,8.1,ID,2021-04-26 04:49:27
544,Tucuma,-0.1833,-50.05,75.87,94,100,3.91,BR,2021-04-26 04:49:27
